CO_CODE,CO_LONG_NAME,CO_SHORT_NAME,CO_ABR,CO_ISO_NUM,CO_ISO_2LETTER,CO_SHORT_NAME_FR,CO_SHORT_NAME_SP,CO_SHORT_NAME_RU,CO_SHORT_NAME_CH,CO_SHORT_NAME_AR,COUNTRY_YEAR,OECD_STAT,MAP_SHORT_NAME,MAP_SHORT_NAME_FR,MAP_SHORT_NAME_SP
40,Afghanistan,Afghanistan,AFG,4,AF,Afghanistan,Afganist�n,??????????,???,?????????,NULL,1,Afghanistan,Afghanistan,Afganist�n
80,Albania,Albania,ALB,8,AL,Albanie,Albania,A??????,?????,???????,NULL,1,Albania,Albanie,Albania
120,Algeria,Algeria,DZA,12,DZ,Alg�rie,Argelia,?????,?????,???????,1,1,Algeria,Alg�rie,Argelia
160,American Samoa,American Samoa,ASM,16,AS,Samoa am�ricaines,Samoa Americanas,???????????? ??????? ?????,NULL,NULL,NULL,1,American Samoa,Samoa am�ricaines,Samoa Americana
200,Andorra,Andorra,AND,20,AD,Andorre,Andorra,A??????,???,??????,NULL,1,Andorra,Andorre,Andorra
201,Former Andorra (Fr.),Andorra (Fr),ANF,NULL,NULL,Andorre (Fr),Andorra (Fr),NULL,NULL,NULL,NULL,0,Former Andorra (Fr.),Andorre (Fr),Andorra (Fr)
202,Former Andorra (Sp.),Andorra (Sp.),ANS,NULL,NULL,Andorre (Sp.),Andorra (Sp.),NULL,NULL,NULL,NULL,0,Former Andorra (Sp.),Andorre (Sp.),Andorra (Sp.)
240,Angola,Angola,AGO,24,AO,Angola,Angola,??????,???,??????,NULL,1,Angola,Angola,Angola
260,Anguilla,Anguilla,AIA,660,AI,Anguilla,Anguila,???????,NULL,NULL,1,1,Anguilla,Anguilla,Anguila
280,Antigua and Barbuda,Antigua and Barbuda,ATG,28,AG,Antigua-et-Barbuda,Antigua y Barbuda,??????? ? ???????,???????,??????? ???????,NULL,1,Antigua and Barbuda,Antigua-et-Barbuda,Antigua y Barbuda
320,Argentina,Argentina,ARG,32,AR,Argentine,Argentina,?????????,???,?????????,NULL,1,Argentina,Argentine,Argentina
340,Armenia,Armenia,ARM,51,AM,Arm�nie,Armenia,???????,????,???????,NULL,1,Armenia,Arm�nie,Armenia
350,Aruba,Aruba,ABW,533,AW,Aruba,Aruba,?????,NULL,?????,NULL,1,Aruba,Aruba,Aruba
360,Australia,Australia,AUS,36,AU,Australie,Australia,?????????,????,????????,NULL,1,Australia,Australie,Australia
380,Azerbaijan,Azerbaijan,AZE,31,AZ,Azerba�djan,Azerbaiy�n,???????????,????,????????,NULL,1,Azerbaijan,Azerba�djan,Azerbaiy�n
400,Austria,Austria,AUT,40,AT,Autriche,Austria,A??????,???,??????,NULL,1,Austria,Autriche,Austria
440,Bahamas,Bahamas,BHS,44,BS,Bahamas,Bahamas,????????? ???????,???,??? ???????,NULL,1,Bahamas,Bahamas,Bahamas
480,Bahrain,Bahrain,BHR,48,BH,Bahre�n,Bahrein,???????,??,???????,NULL,1,Bahrain,Bahre�n,Bahrein
500,Bangladesh,Bangladesh,BGD,50,BD,Bangladesh,Bangladesh,?????????,????,????????,NULL,1,Bangladesh,Bangladesh,Bangladesh
520,Barbados,Barbados,BRB,52,BB,Barbade,Barbados,????????,????,???????,NULL,1,Barbados,Barbade,Barbados
560,Belgium,Belgium,BEL,56,BE,Belgique,B�lgica,???????,???,??????,NULL,1,Belgium,Belgique,B�lgica
570,Bosnia and Herzegovina,Bosnia and Herzegovina,BIH,70,BA,Bosnie-Herz�govine,Bosnia y Herzegovina,?????? ? ???????????,??????????,??????? ???????,NULL,1,Bosnia/Herzegovina,Bosnie-Herz�govine,Bosnia y Herzegovina
580,Belize,Belize,BLZ,84,BZ,Belize,Belice,?????,???,????,NULL,1,Belize,Belize,Belice
600,Bermuda,Bermuda,BMU,60,BM,Bermudes,Bermuda,?????????? ???????,NULL,NULL,NULL,1,Bermuda,Bermudes,Bermuda
640,Bhutan,Bhutan,BTN,64,BT,Bhoutan,Bhut�n,?????,??,?????,NULL,1,Bhutan,Bhoutan,Bhut�n
680,Bolivia (Plurinational State of),Bolivia (Plurinational State of),BOL,68,BO,Bolivie (�tat plurinational de),Bolivia (Estado Plurinacional de),??????? (????????????????? ???????????),??????????,(??????? (???? - ???????? ????????,NULL,1,Bolivia,Bolivie,Bolivia
720,Botswana,Botswana,BWA,72,BW,Botswana,Botswana,????????,????,????????,NULL,1,Botswana,Botswana,Botswana
760,Brazil,Brazil,BRA,76,BR,Br�sil,Brasil,????????,??,????????,NULL,1,Brazil,Br�sil,Brasil
900,Solomon Islands,Solomon Islands,SLB,90,SB,�les Salomon,Islas Salom�n,?????????? ???????,?????,??? ??????,NULL,1,Solomon Islands,�les Salomon,Islas Salom�n
955,Palau,Palau,PLW,585,PW,Palaos,Palau,?????,??,?????,NULL,1,Palau,Palaos,Palau
960,Brunei Darussalam,Brunei Darussalam,BRN,96,BN,Brun�i Darussalam,Brunei Darussalam,??????-??????????,???????,????? ??? ??????,NULL,1,Brunei Darussalam,Brun�i Darussalam,Brunei Darussalam
1000,Bulgaria,Bulgaria,BGR,100,BG,Bulgarie,Bulgaria,????????,????,???????,NULL,1,Bulgaria,Bulgarie,Bulgaria
1020,Croatia,Croatia,HRV,191,HR,Croatie,Croacia,????????,????,???????,NULL,1,Croatia,Croatie,Croacia
1040,Myanmar,Myanmar,MMR,104,MM,Myanmar,Myanmar,??????,??,???????,NULL,1,Myanmar,Myanmar,Myanmar
1080,Burundi,Burundi,BDI,108,BI,Burundi,Burundi,???????,???,???????,NULL,1,Burundi,Burundi,Burundi
1200,Cameroon,Cameroon,CMR,120,CM,Cameroun,Camer�n,???????,???,?????????,NULL,1,Cameroon,Cameroun,Camer�n
1240,Canada,Canada,CAN,124,CA,Canada,Canad�,??????,???,????,NULL,1,Canada,Canada,Canad�
1260,Former Canal Zone,F. Canal Zone,CNL,NULL,NULL,Ex zone du Canal,Ex zona del Canal,NULL,NULL,NULL,NULL,0,Former Canal Zone,Ex zone du Canal,Ex zona del Canal
1320,Cabo Verde,Cabo Verde,CPV,132,CV,Cabo Verde,Cabo Verde,????-?????,???,????? ??????,NULL,1,Cabo Verde,Cabo Verde,Cabo Verde
1360,Cayman Islands,Cayman Islands,CYM,136,KY,Iles Ca�manes,Islas Caim�n,????????? ???????,NULL,NULL,NULL,1,Cayman Islands,Iles Ca�manes,Islas Caim�n
1400,Central African Republic,Central African Republic,CAF,140,CF,R�publique centrafricaine,Rep�blica Centroafricana,????????????????????? ??????????,?????,??????? ??????? ??????,NULL,1,Central African Rep.,R�p. centrafricaine ,Rep. Centroafricana
1480,Chad,Chad,TCD,148,TD,Tchad,Chad,???,??,????,NULL,1,Chad,Tchad,Chad
1520,Chile,Chile,CHL,152,CL,Chili,Chile,????,??,????,NULL,1,Chile,Chili,Chile
1560,China,China,CHN,156,CN,Chine,China,?????,??,?????,NULL,1,China,Chine,China
1700,Colombia,Colombia,COL,170,CO,Colombie,Colombia,????????,????,????????,NULL,1,Colombia,Colombie,Colombia
1740,Comoros,Comoros,COM,174,KM,Comores,Comoras,????????? ???????,???,??? ?????,NULL,1,Comoros,Comores,Comoras
1750,Mayotte,Mayotte,MYT,175,YT,Mayotte,Mayotte,NULL,NULL,NULL,NULL,1,Mayotte,Mayotte,Mayotte
1780,Congo,Congo,COG,178,CG,Congo,Congo,?????,??,???????,NULL,1,Congo,Congo,Congo
1840,Cook Islands,Cook Islands,COK,184,CK,�les Cook,Islas Cook,??????? ????,????,??? ???,NULL,1,Cook Islands,�les Cook,Islas Cook
1880,Costa Rica,Costa Rica,CRI,188,CR,Costa Rica,Costa Rica,?????-????,?????,?????????,NULL,1,Costa Rica,Costa Rica,Costa Rica
1920,Cuba,Cuba,CUB,192,CU,Cuba,Cuba,????,??,????,NULL,1,Cuba,Cuba,Cuba
1960,Cyprus,Cyprus,CYP,196,CY,Chypre,Chipre,????,????,????,NULL,1,Cyprus,Chypre,Chipre
2000,Former Czechoslovakia,Former Czechosl.,CZZ,NULL,NULL,Ancienne Tch�coslovaquie,Ex Checoslovaquia,NULL,NULL,NULL,NULL,0,Former Czechoslovakia,Ancienne Tch�coslovaquie,Ex Checoslovaquia
2020,Czech Republic,Czech Republic,CZE,203,CZ,R�publique tch�que,Rep�blica Checa,??????? ??????????,?????,????????? ????????,NULL,1,Czech Republic,R�publique tch�que,Rep�blica Checa
2040,Benin,Benin,BEN,204,BJ,B�nin,Benin,?????,??,???,NULL,1,Benin,B�nin,Benin
2080,Denmark,Denmark,DNK,208,DK,Danemark,Dinamarca,?????,??,????????,NULL,1,Denmark,Danemark,Dinamarca
2120,Dominica,Dominica,DMA,212,DM,Dominique,Dominica,????????,????,????????,NULL,1,Dominica,Dominique,Dominica
2140,Dominican Republic,Dominican Republic,DOM,214,DO,R�publique dominicaine,Rep�blica Dominicana,????????????? ??????????,????,????????? ???????????,NULL,1,Dominican Republic,R�p. dominicaine,Rep�blica Dominicana
2180,Ecuador,Ecuador,ECU,218,EC,�quateur,Ecuador (el),???????,????,???????,NULL,1,Ecuador,�quateur,Ecuador (el)
2200,Egypt,Egypt,EGY,818,EG,�gypte,Egipto,??????,??,???,NULL,1,Egypt,�gypte,Egipto
2220,El Salvador,El Salvador,SLV,222,SV,El Salvador,El Salvador,?????????,????,?????????,NULL,1,El Salvador,El Salvador,El Salvador
2260,Equatorial Guinea,Equatorial Guinea,GNQ,226,GQ,Guin�e �quatoriale,Guinea Ecuatorial,?????????????? ??????,?????,????? ??????????,NULL,1,Equatorial Guinea,Guin�e �quatoriale,Guinea Ecuatorial
2270,Eritrea,Eritrea,ERI,232,ER,�rythr�e,Eritrea,???????,?????,???????,NULL,1,Eritrea,�rythr�e,Eritrea
2280,Estonia,Estonia,EST,233,EE,Estonie,Estonia,???????,????,???????,NULL,1,Estonia,Estonie,Estonia
2300,Ethiopia,Ethiopia,ETH,231,ET,�thiopie,Etiop�a,???????,?????,???????,NULL,1,Ethiopia,�thiopie,Etiop�a
2340,Faeroe Islands,Faeroe Islands,FRO,234,FO,Iles F�ro�,Islas Fero�,????????? ???????,NULL,NULL,NULL,1,Faeroe Islands,Iles F�ro�,Islas Fero�
2380,Falkland Islands (Malvinas),Falkland Islands (Malvinas),FLK,238,FK,Iles Falkland (Malvinas),Islas Malvinas (Falkland Islands),???????????? ???????,NULL,NULL,NULL,1,Falkland Islands,�les Falkland,Islas Malvinas
2420,Fiji,Fiji,FJI,242,FJ,Fidji,Fiji,?????,??,????,NULL,1,Fiji,Fidji,Fiji
2460,Finland,Finland,FIN,246,FI,Finlande,Finlandia,?????????,??,??????,NULL,1,Finland,Finlande,Finlandia
2480,�land Islands,�land Islands,ALA,248,AX,�les d' �land,Islas �land,NULL,NULL,NULL,NULL,1,�land Islands,�les d' �land,Islas �land
2500,France,France,FRA,250,FR,France,Francia,???????,??,?????,NULL,1,France,France,Francia
2540,French Guiana,French Guiana,GUF,254,GF,Guyane fran�aise,Guyana Francesa,??????????? ??????,NULL,NULL,NULL,1,French Guiana,Guyane fran�aise,Guyana Francesa
2580,French Polynesia,French Polynesia,PYF,258,PF,Polyn�sie fran�aise,Polinesia Francesa,??????????? ?????????,NULL,NULL,NULL,1,French Polynesia,Polyn�sie fran�aise,Polinesia Francesa
2620,Djibouti,Djibouti,DJI,262,DJ,Djibouti,Djibouti,???????,???,??????,NULL,1,Djibouti,Djibouti,Djibouti
2660,Gabon,Gabon,GAB,266,GA,Gabon,Gab�n,?????,??,?????,NULL,1,Gabon,Gabon,Gab�n
2700,Gambia,Gambia,GMB,270,GM,Gambie,Gambia,??????,???,??????,NULL,1,Gambia,Gambie,Gambia
2720,Georgia,Georgia,GEO,268,GE,G�orgie,Georgia,??????,????,??????,NULL,1,Georgia,G�orgie,Georgia
2760,Germany,Germany,DEU,276,DE,Allemagne,Alemania,????????,??,???????,NULL,1,Germany,Allemagne,Alemania
2780,Former German Democratic Rep.,Former German DR,DDE,NULL,NULL,Ancienne R. d�m. Allemande,Ex Rep. Democr�tica alemana,NULL,NULL,NULL,NULL,0,Former German Democratic Rep.,Ancienne R. d�m. Allemande,Ex Rep. Democr�tica alemana
2800,Former Federal Republic of Germany,Fed.Rep.Germany,FDE,NULL,NULL,R�p. f�d�rale D'Allemagne,Rep�blica Federal de Alemania,NULL,NULL,NULL,NULL,0,Former Federal Republic of Germany,R�p. f�d�rale D'Allemagne,Rep�blica Federal de Alemania
2880,Ghana,Ghana,GHA,288,GH,Ghana,Ghana,????,??,????,NULL,1,Ghana,Ghana,Ghana
2920,Gibraltar,Gibraltar,GIB,292,GI,Gibraltar,Gibraltar,?????????,NULL,NULL,NULL,1,Gibraltar,Gibraltar,Gibraltar
2960,Kiribati,Kiribati,KIR,296,KI,Kiribati,Kiribati,????????,????,???????,NULL,1,Kiribati,Kiribati,Kiribati
3000,Greece,Greece,GRC,300,GR,Gr�ce,Grecia,??????,??,???????,NULL,1,Greece,Gr�ce,Grecia
3040,Greenland,Greenland,GRL,304,GL,Gro�nland,Groenlandia,??????????,???,NULL,NULL,1,Greenland,Gro�nland,Groenlandia
3080,Grenada,Grenada,GRD,308,GD,Grenade,Granada,???????,????,???????,NULL,1,Grenada,Grenade,Granada
3120,Guadeloupe,Guadeloupe,GLP,312,GP,Guadeloupe,Guadalupe,?????????,NULL,NULL,NULL,1,Guadeloupe,Guadeloupe,Guadalupe
3160,Guam,Guam,GUM,316,GU,Guam,Guam,????,NULL,NULL,NULL,1,Guam,Guam,Guam
3200,Guatemala,Guatemala,GTM,320,GT,Guatemala,Guatemala,?????????,????,?????????,NULL,1,Guatemala,Guatemala,Guatemala
3240,Guinea,Guinea,GIN,324,GN,Guin�e,Guinea,??????,???,?????,NULL,1,Guinea,Guin�e,Guinea
3280,Guyana,Guyana,GUY,328,GY,Guyana,Guyana,??????,???,?????,NULL,1,Guyana,Guyana,Guyana
3320,Haiti,Haiti,HTI,332,HT,Ha�ti,Hait�,?????,??,?????,NULL,1,Haiti,Ha�ti,Hait�
3360,Holy See,Holy See,VAT,336,VA,Saint-Si�ge,Santa Sede,?????? ???????,??,?????? ???????,NULL,1,Holy See,Saint-Si�ge,Santa Sede
3400,Honduras,Honduras,HND,340,HN,Honduras,Honduras,????????,????,???????,NULL,1,Honduras,Honduras,Honduras
3440,"China, Hong Kong Special Administrative Region","China, Hong Kong Special Administrative Region",HKG,344,HK,"Chine, r�gion administrative sp�ciale de Hong Kong","China, Regi�n Administrativa Especial de Hong Kong","?????, ??????????? ???????????????? ????? ???????",NULL,NULL,NULL,1,"China, Hong Kong","Chine, Hong Kong","China, Hong Kong"
3480,Hungary,Hungary,HUN,348,HU,Hongrie,Hungr�a,???????,???,???????,NULL,1,Hungary,Hongrie,Hungr�a
3520,Iceland,Iceland,ISL,352,IS,Islande,Islandia,????????,??,???????,NULL,1,Iceland,Islande,Islandia
3560,India,India,IND,356,IN,Inde,India,?????,??,?????,NULL,1,India,Inde,India
3600,Indonesia,Indonesia,IDN,360,ID,Indon�sie,Indonesia,?????????,?????,?????????,NULL,1,Indonesia,Indon�sie,Indonesia
3640,Iran (Islamic Republic of),Iran (Islamic Republic of),IRN,364,IR,Iran (R�publique islamique d'),Ir�n (Rep�blica Isl�mica del),???? (????????? ??????????),??????????,(????? (??????? - ?????????,NULL,1,"Iran, Islamic Rep.","Iran, R�p. islamique","Ir�n, Rep. Isl�mica"
3680,Iraq,Iraq,IRQ,368,IQ,Iraq,Iraq (el),????,???,??????,NULL,1,Iraq,Iraq,Iraq (el)
3720,Ireland,Ireland,IRL,372,IE,Irlande,Irlanda,????????,???,???????,NULL,1,Ireland,Irlande,Irlanda
3760,Israel,Israel,ISR,376,IL,Isra�l,Israel,???????,???,???????,NULL,1,Israel,Isra�l,Israel
3800,Italy,Italy,ITA,380,IT,Italie,Italia,??????,???,???????,NULL,1,Italy,Italie,Italia
3840,C�te d'Ivoire,C�te d'Ivoire,CIV,384,CI,C�te d'Ivoire,C�te d'Ivoire,???-?'?????,????,??? ??????,NULL,1,C�te d'Ivoire,C�te d'Ivoire,C�te d'Ivoire
3880,Jamaica,Jamaica,JAM,388,JM,Jama�que,Jamaica,??????,???,???????,NULL,1,Jamaica,Jama�que,Jamaica
3920,Japan,Japan,JPN,392,JP,Japon,Jap�n,??????,??,???????,NULL,1,Japan,Japon,Jap�n
4000,Jordan,Jordan,JOR,400,JO,Jordanie,Jordania,????????,??,??????,NULL,1,Jordan,Jordanie,Jordania
4020,Kazakhstan,Kazakhstan,KAZ,398,KZ,Kazakhstan,Kazajst�n,Ka???????,?????,?????????,NULL,1,Kazakhstan,Kazakhstan,Kazajst�n
4040,Kenya,Kenya,KEN,404,KE,Kenya,Kenya,Ke???,???,?????,NULL,1,Kenya,Kenya,Kenya
4060,Cambodia,Cambodia,KHM,116,KH,Cambodge,Camboya,????????,???,???????,NULL,1,Cambodia,Cambodge,Camboya
4070,Republic of Korea,Republic of Korea,KOR,410,KR,R�publique de Cor�e,Rep�blica de Corea,?????????? ?????,????,??????? ?????,NULL,1,"Korea, Rep.","Cor�e, R�p.","Corea, Rep. "
4090,Democratic People's Republic of Korea,Democratic People's Republic of Korea,PRK,408,KP,R�publique populaire d�mocratique de Cor�e,Rep�blica Popular Democr�tica de Corea,Ko??????? ??????o-??????????????? ??????????,???????????,??????? ????? ??????? ???????????,NULL,1,"Korea, DPR","Cor�e, RPD","Corea, RPD"
4100,Former Korea,Korea,RKO,NULL,NULL,Cor�e,Corea,?????,NULL,NULL,NULL,0,Former Korea,Cor�e,Corea
4140,Kuwait,Kuwait,KWT,414,KW,Kowe�t,Kuwait,??????,???,??????,NULL,1,Kuwait,Kowe�t,Kuwait
4160,Kyrgyzstan,Kyrgyzstan,KGZ,417,KG,Kirghizistan,Kirguist�n,??????????,??????,??????????,NULL,1,Kyrgyzstan,Kirghizistan,Kirguist�n
4180,Lao People's Democratic Republic,Lao People's Democratic Republic,LAO,418,LA,R�publique d�mocratique populaire lao,Rep�blica Democr�tica Popular Lao,???????? ???????-??????????????? ??????????,?????????,??????? ??? ??????????? ???????,NULL,1,Lao PDR,Lao RDP,Lao RDP
4200,Latvia,Latvia,LVA,428,LV,Lettonie,Letonia,??????,????,??????,NULL,1,Latvia,Lettonie,Letonia
4220,Lebanon,Lebanon,LBN,422,LB,Liban,L�bano,?????,???,?????,NULL,1,Lebanon,Liban,L�bano
4260,Lesotho,Lesotho,LSO,426,LS,Lesotho,Lesotho,??????,???,??????,NULL,1,Lesotho,Lesotho,Lesotho
4300,Liberia,Liberia,LBR,430,LR,Lib�ria,Liberia,???????,????,??????,NULL,1,Liberia,Lib�ria,Liberia
4340,Libya,Libya,LBY,434,LY,Libye,Libia,?????,???,?????,NULL,1,Libya,Libye,Libia
4380,Liechtenstein,Liechtenstein,LIE,438,LI,Liechtenstein,Liechtenstein,???????????,?????,??????????,NULL,1,Liechtenstein,Liechtenstein,Liechtenstein
4400,Lithuania,Lithuania,LTU,440,LT,Lituanie,Lituania,?????,???,????????,NULL,1,Lithuania,Lituanie,Lituania
4420,Luxembourg,Luxembourg,LUX,442,LU,Luxembourg,Luxemburgo,??????????,???,???????,NULL,1,Luxembourg,Luxembourg,Luxemburgo
4460,"China, Macao Special Administrative Region","China, Macao Special Administrative Region",MAC,446,MO,"Chine, r�gion administrative sp�ciale de Macao","China, Regi�n Administrativa Especial de Macao","?????, ??????????? ???????????????? ????? ?????",NULL,NULL,NULL,1,"China, Macao","Chine, Macao","China, Macao"
4480,The former Yugoslav Republic of Macedonia,The former Yugoslav Republic of Macedonia,MKD,807,MK,Ex-R�publique yougoslave de Mac�doine,la ex Rep�blica Yugoslava de Macedonia,?????? ??????????? ?????????? ?????????,????????????,??????? ??????? ???????????? ???????,NULL,1,TFYR Macedonia,ERY Mac�doine,ARY Macedonia
4500,Madagascar,Madagascar,MDG,450,MG,Madagascar,Madagascar,??????????,?????,??????,NULL,1,Madagascar,Madagascar,Madagascar
4540,Malawi,Malawi,MWI,454,MW,Malawi,Malawi,??????,???,?????,NULL,1,Malawi,Malawi,Malawi
4580,Malaysia,Malaysia,MYS,458,MY,Malaisie,Malasia,????????,????,???????,NULL,1,Malaysia,Malaisie,Malasia
4620,Maldives,Maldives,MDV,462,MV,Maldives,Maldivas,??????????? ???????,????,?????,NULL,1,Maldives,Maldives,Maldivas
4660,Mali,Mali,MLI,466,ML,Mali,Mal�,????,??,????,NULL,1,Mali,Mali,Mal�
4700,Malta,Malta,MLT,470,MT,Malte,Malta,??????,???,?????,NULL,1,Malta,Malte,Malta
4740,Martinique,Martinique,MTQ,474,MQ,Martinique,Martinica,?????????,NULL,NULL,NULL,1,Martinique,Martinique,Martinica
4780,Mauritania,Mauritania,MRT,478,MR,Mauritanie,Mauritania,??????????,?????,?????????,NULL,1,Mauritania,Mauritanie,Mauritania
4800,Mauritius,Mauritius,MUS,480,MU,Maurice,Mauricio,????????,????,????????,NULL,1,Mauritius,Maurice,Mauricio
4840,Mexico,Mexico,MEX,484,MX,Mexique,M�xico,???????,???,???????,NULL,1,Mexico,Mexique,M�xico
4845,Micronesia (Federated States of),Micronesia (Federated States of),FSM,583,FM,Micron�sie (�tats f�d�r�s de),Micronesia (Estados Federados de),?????????? (???????????? ?????),??????????,(????????? (?????? ?? ???????,NULL,1,Micronesia,Micron�sie,Micronesia
4920,Monaco,Monaco,MCO,492,MC,Monaco,M�naco,??????,???,??????,NULL,1,Monaco,Monaco,M�naco
4960,Mongolia,Mongolia,MNG,496,MN,Mongolie,Mongolia,Mo??????,??,???????,NULL,1,Mongolia,Mongolie,Mongolia
4990,Montenegro,Montenegro,MNE,499,ME,Mont�n�gro,Montenegro,??????????,??,????? ??????,NULL,1,Montenegro,Mont�n�gro,Montenegro
5000,Montserrat,Montserrat,MSR,500,MS,Montserrat,Montserrat,Mo????????,NULL,NULL,NULL,1,Montserrat,Montserrat,Montserrat
5040,Morocco,Morocco,MAR,504,MA,Maroc,Marruecos,???????,???,??????,NULL,1,Morocco,Maroc,Marruecos
5080,Mozambique,Mozambique,MOZ,508,MZ,Mozambique,Mozambique,????????,????,????????,NULL,1,Mozambique,Mozambique,Mozambique
5100,Northern Mariana Islands,Northern Mariana Islands,MNP,580,MP,�les Mariannes septentrionales,Islas Marianas del Norte,NULL,NULL,NULL,NULL,1,N. Mariana Islands,�les Mariannes N.,Islas Marianas N.
5160,Namibia,Namibia,NAM,516,NA,Namibie,Namibia,???????,????,???????,NULL,1,Namibia,Namibie,Namibia
5200,Nauru,Nauru,NRU,520,NR,Nauru,Nauru,?????,??,?????,NULL,1,Nauru,Nauru,Nauru
5240,Nepal,Nepal,NPL,524,NP,N�pal,Nepal,?????,???,?????,NULL,1,Nepal,N�pal,Nepal
5280,Netherlands,Netherlands,NLD,528,NL,Pays-Bas,Pa�ses Bajos,??????????,??,??????,NULL,1,Netherlands,Pays-Bas,Pa�ses Bajos
5310,Cura�ao,Cura�ao,CUW,531,CW,Cura�ao,Curazao,???????,???,???????,NULL,1,Cura�ao,Cura�ao,Curazao
5320,Netherlands Antilles,Nl Antilles,ANT,530,AN,Antilles n�erlandaises,Antillas Neerlandesas,????????????? ?????????? ???????,NULL,NULL,NULL,1,NL Antilles,Antilles NL,Antillas NL
5340,Sint Maarten (Dutch part),Sint Maarten (Dutch part),SXM,534,SX,Saint-Martin (partie n�erlandaise),Sint Maarten (parte holandesa),????-?????? (????????????? ?????),???,(???? ????? (????? ????????,NULL,1,Sint Maarten,Sint Maarten,Sint Maarten
5400,New Caledonia,New Caledonia,NCL,540,NC,Nouvelle-Cal�donie,Nueva Caledonia,????? ?????????,NULL,NULL,NULL,1,New Caledonia,Nouvelle-Cal�donie,Nueva Caledonia
5480,Vanuatu,Vanuatu,VUT,548,VU,Vanuatu,Vanuatu,???????,????,???????,NULL,1,Vanuatu,Vanuatu,Vanuatu
5481,Former Vanuatu (Fr.),Vanuatu (Fr.),VUF,NULL,NULL,Vanuatu (Fr.),Vanuatu (Fr.),NULL,NULL,NULL,NULL,0,Former Vanuatu (Fr.),Vanuatu (Fr.),Vanuatu (Fr.)
5482,Former Vanuatu (UK),Vanuatu (UK),VUK,NULL,NULL,Vanuatu (UK),Vanuatu (UK),NULL,NULL,NULL,NULL,0,Former Vanuatu (UK),Vanuatu (UK),Vanuatu (UK)
5540,New Zealand,New Zealand,NZL,554,NZ,Nouvelle-Z�lande,Nueva Zelandia,????? ????????,???,?????????,NULL,1,New Zealand,Nouvelle-Z�lande,Nueva Zelandia
5580,Nicaragua,Nicaragua,NIC,558,NI,Nicaragua,Nicaragua,?????????,????,?????????,NULL,1,Nicaragua,Nicaragua,Nicaragua
5620,Niger,Niger,NER,562,NE,Niger,N�ger,?????,???,??????,NULL,1,Niger,Niger,N�ger
5660,Nigeria,Nigeria,NGA,566,NG,Nig�ria,Nigeria,???????,????,???????,NULL,1,Nigeria,Nig�ria,Nigeria
5700,Niue,Niue,NIU,570,NU,Niou�,Niue,????,NULL,NULL,NULL,1,Niue,Niou�,Niue
5740,Norfolk Island,Norfolk Island,NFK,574,NF,Iles Norfolk,Islas Norfolk,?????? ???????,NULL,NULL,NULL,1,Norfolk Island,Iles Norfolk,Islas Norfolk
5780,Norway,Norway,NOR,578,NO,Norv�ge,Noruega,????????,??,???????,NULL,1,Norway,Norv�ge,Noruega
5800,Oman,Oman,OMN,512,OM,Oman,Om�n,????,??,????,NULL,1,Oman,Oman,Om�n
5820,Pacific Islands,Pacific Islands,PAI,NULL,NULL,Iles du Pacifique,Islas del Pac�fico,??????? ?????? ??????,NULL,NULL,NULL,0,Pacific Islands,Iles du Pacifique,Islas del Pac�fico
5840,Marshall Islands,Marshall Islands,MHL,584,MH,�les Marshall,Islas Marshall,?????????? ???????,?????,??? ??????,NULL,1,Marshall Islands,�les Marshall,Islas Marshall
5860,Pakistan,Pakistan,PAK,586,PK,Pakistan,Pakist�n,????????,????,???????,NULL,1,Pakistan,Pakistan,Pakist�n
5880,Palestine,Palestine,PSE,275,PS,Palestine,Palestine,?????????,NULL,????? ?????????? ???????,NULL,1,Palestine,Palestine,Palestine
5881,Gaza Strip,Gaza Strip,GAZ,NULL,NULL,Bande de Gaza,Estrecho de Gaza,NULL,NULL,NULL,NULL,0,Gaza Strip,Bande de Gaza,Estrecho de Gaza
5882,West Bank,West Bank,WBG,NULL,NULL,Cisjordanie,Cisjordania,NULL,NULL,NULL,NULL,0,West Bank,Cisjordanie,Cisjordania
5900,Panama,Panama,PAN,591,PA,Panama,Panam�,??????,???,????,NULL,1,Panama,Panama,Panam�
5980,Papua New Guinea,Papua New Guinea,PNG,598,PG,Papouasie-Nouvelle-Guin�e,Papua Nueva Guinea,?????-????? ??????,???????,????? ????? ???????,NULL,1,Papua New Guinea,Papouasie-Nlle-Guin�e,Papua NG
6000,Paraguay,Paraguay,PRY,600,PY,Paraguay,Paraguay,????????,???,????????,NULL,1,Paraguay,Paraguay,Paraguay
6040,Peru,Peru,PER,604,PE,P�rou,Per�,????,??,????,NULL,1,Peru,P�rou,Per�
6080,Philippines,Philippines,PHL,608,PH,Philippines,Filipinas,?????????,???,???????,NULL,1,Philippines,Philippines,Filipinas
6120,Pitcairn,Pitcairn,PCN,612,PN,Pitcairn,Islas Pitcairn,NULL,NULL,NULL,NULL,1,Pitcairn,Pitcairn,Islas Pitcairn
6160,Poland,Poland,POL,616,PL,Pologne,Polonia,??????,??,??????,NULL,1,Poland,Pologne,Polonia
6200,Portugal,Portugal,PRT,620,PT,Portugal,Portugal,??????????,???,????????,NULL,1,Portugal,Portugal,Portugal
6220,Republic of Moldova,Republic of Moldova,MDA,498,MD,R�publique de Moldova,la Rep�blica de Moldova,?????????? ???????,???????,??????? ???????,NULL,1,Republic of Moldova,R�publique de Moldova,Rep�blica de Moldova
6240,Guinea-Bissau,Guinea-Bissau,GNB,624,GW,Guin�e-Bissau,Guinea-Bissau,??????-?????,?????,????? - ?????,NULL,1,Guinea-Bissau,Guin�e-Bissau,Guinea-Bissau
6260,Timor-Leste,Timor-Leste,TLS,626,TL,Timor-Leste,Timor-Leste,?????-?????,???,?????- ?????,NULL,1,Timor-Leste,Timor-Leste,Timor-Leste
6300,Puerto Rico,Puerto Rico,PRI,630,PR,Porto Rico,Puerto Rico,??????-????,NULL,NULL,NULL,1,Puerto Rico,Porto Rico,Puerto Rico
6340,Qatar,Qatar,QAT,634,QA,Qatar,Qatar,?????,???,???,NULL,1,Qatar,Qatar,Qatar
6380,R�union,R�union,REU,638,RE,R�union,Reuni�n,???????,NULL,NULL,NULL,1,R�union,R�union,Reuni�n
6420,Romania,Romania,ROU,642,RO,Roumanie,Rumania,???????,????,???????,NULL,1,Romania,Roumanie,Rumania
6430,Russian Federation,Russian Federation,RUS,643,RU,F�d�ration de Russie,Federaci�n de Rusia,?????????? ?????????,?????,??????? ??????,NULL,1,Russian Federation,F�deration de Russie,Federaci�n de Rusia
6460,Rwanda,Rwanda,RWA,646,RW,Rwanda,Rwanda,??????,???,??????,NULL,1,Rwanda,Rwanda,Rwanda
6520,Saint-Barth�lemy,Saint-Barth�lemy,BLM,652,BL,Saint-Barth�lemy,San Bartolom�,???-?????????,?????,??? ????????,NULL,1,Saint-Barth�lemy,Saint-Barth�lemy,San Bartolom�
6540,Saint Helena,Saint Helena,SHN,654,SH,Sainte H�l�ne,Santa Elena,?????? ?????? ?????,NULL,NULL,NULL,1,Saint Helena,Sainte H�l�ne,Santa Elena
6560,Saint Kitts and Nevis,Saint Kitts and Nevis,KNA,659,KN,Saint-Kitts-et-Nevis,Saint Kitts y Nevis,????-???? ? ?????,???????,???? ???? ?????,NULL,1,Saint Kitts and Nevis,Saint-Kitts-et-Nevis,Saint Kitts y Nevis
6580,Former Saint Kitts & Nevis & Anguilla,St.KittsNevisAng,KNN,NULL,NULL,Saint-Kitts-et-Nevis et Anguilla,Saint Kitts y Nevis y Anguilla,????-???? ? ????? ? ???????,NULL,NULL,NULL,0,Former Saint Kitts & Nevis & Anguilla,Saint-Kitts-et-Nevis et Anguilla,Saint Kitts y Nevis y Anguilla
6620,Saint Lucia,Saint Lucia,LCA,662,LC,Sainte-Lucie,Santa Luc�a,????-?????,????,???? ?????,NULL,1,Saint Lucia,Sainte-Lucie,Santa Luc�a
6630,Saint-Martin (French part),Saint-Martin (French part),MAF,663,MF,Saint-Martin (partie fran�aise),San Mart�n (parte francesa),???-?????? (???????),NULL,(???? ????? (????? ???????,NULL,1,Saint-Martin,Saint-Martin,San Mart�n
6660,Saint Pierre and Miquelon,Saint Pierre and Miquelon,SPM,666,PM,Saint-Pierre-et-Miquelon,San Pedro y Miquel�n,??. ???? ? ????????,NULL,NULL,NULL,1,Saint Pierre/Miquelon,Saint Pierre/Miquelon,San Pedro y Miquel�n
6700,Saint Vincent and the Grenadines,Saint Vincent and the Grenadines,VCT,670,VC,Saint-Vincent-et-les Grenadines,San Vicente y las Granadinas,????-??????? ? ?????????,??????????,???? ????? ???? ????????,NULL,1,St Vincent/Grenadines,St Vincent/Grenadines,San Vicente/Granad.
6720,Slovakia,Slovakia,SVK,703,SK,Slovaquie,Eslovaquia,????????,????,????????,NULL,1,Slovakia,Slovaquie,Eslovaquia
6740,San Marino,San Marino,SMR,674,SM,Saint-Marin,San Marino,???-??????,????,??? ??????,NULL,1,San Marino,Saint-Marin,San Marino
6760,Slovenia,Slovenia,SVN,705,SI,Slov�nie,Eslovenia,????????,?????,????????,NULL,1,Slovenia,Slov�nie,Eslovenia
6780,Sao Tome and Principe,Sao Tome and Principe,STP,678,ST,Sao Tom�-et-Principe,Santo Tom� y Pr�ncipe,???-???? ? ????????,????????,??? ???? ?????????,NULL,1,Sao Tome and Principe,Sao Tom�-et-Principe,Sao Tom� y Pr�ncipe
6820,Saudi Arabia,Saudi Arabia,SAU,682,SA,Arabie saoudite,Arabia Saudita,?????????? ??????,?????,??????? ??????? ????????,NULL,1,Saudi Arabia,Arabie saoudite,Arabia Saudita
6860,Senegal,Senegal,SEN,686,SN,S�n�gal,Senegal,???????,????,???????,NULL,1,Senegal,S�n�gal,Senegal
6880,Serbia,Serbia,SRB,688,RS,Serbie,Serbia,??????,????,?????,NULL,1,Serbia,Serbie,Serbia
6900,Seychelles,Seychelles,SYC,690,SC,Seychelles,Seychelles,??????????? ???????,???,?????,NULL,1,Seychelles,Seychelles,Seychelles
6940,Sierra Leone,Sierra Leone,SLE,694,SL,Sierra Leone,Sierra Leona,??????-?????,????,????????,NULL,1,Sierra Leone,Sierra Leone,Sierra Leona
7020,Singapore,Singapore,SGP,702,SG,Singapour,Singapur,????????,???,????????,NULL,1,Singapore,Singapour,Singapur
7060,Somalia,Somalia,SOM,706,SO,Somalie,Somalia,??????,???,???????,NULL,1,Somalia,Somalie,Somalia
7100,South Africa,South Africa,ZAF,710,ZA,Afrique du Sud,Sud�frica,????? ??????,??,???? ???????,NULL,1,South Africa,Afrique du Sud,Sud�frica
7160,Zimbabwe,Zimbabwe,ZWE,716,ZW,Zimbabwe,Zimbabwe,????????,????,???????,NULL,1,Zimbabwe,Zimbabwe,Zimbabwe
7240,Spain,Spain,ESP,724,ES,Espagne,Espa�a,???????,???,???????,NULL,1,Spain,Espagne,Espa�a
7280,South Sudan,South Sudan,SSD,728,SS,Soudan du Sud,Sud�n del Sur,????? ?????,???,???? ???????,NULL,1,South Sudan,Soudan du Sud,Sud�n del Sur
7290,Sudan,Sudan,SDN,729,SD,Soudan,Sud�n,?????,??,???????,NULL,1,Sudan,Soudan,Sud�n
7320,Western Sahara,Western Sahara,ESH,732,EH,Sahara occidental,Sahara Occidental,NULL,NULL,NULL,NULL,1,Western Sahara,Sahara occidental,Sahara Occidental
7340,Sri Lanka,Sri Lanka,LKA,144,LK,Sri Lanka,Sri Lanka,???-?????,????,??? ?????,NULL,1,Sri Lanka,Sri Lanka,Sri Lanka
7360,Sudan (pre-secession),Sudan (pre-secession),XDN,736,NULL,Soudan (pr�-s�cession),Sud�n,?????,??,???????,NULL,1,Sudan (pre-secession),Soudan (pr�-s�cession),Sud�n
7400,Suriname,Suriname,SUR,740,SR,Suriname,Suriname,???????,???,???????,NULL,1,Suriname,Suriname,Suriname
7440,Svalbard and Jan Mayen Islands,Svalbard and Jan Mayen Islands,SJM,744,SJ,�les Svalbard et Jan Mayen,Svalbard,NULL,NULL,NULL,NULL,1,Svalbard/Jan Mayen Is,Svalbard/Jan Mayen,Svalbard/Jan Mayen
7480,Swaziland,Swaziland,SWZ,748,SZ,Swaziland,Swazilandia,?????????,????,????????,NULL,1,Swaziland,Swaziland,Swazilandia
7520,Sweden,Sweden,SWE,752,SE,Su�de,Suecia,??????,??,??????,NULL,1,Sweden,Su�de,Suecia
7560,Switzerland,Switzerland,CHE,756,CH,Suisse,Suiza,?????????,??,??????,NULL,1,Switzerland,Suisse,Suiza
7600,Syrian Arab Republic,Syrian Arab Republic,SYR,760,SY,R�publique arabe syrienne,Rep�blica �rabe Siria,????????? ???????? ??????????,?????????,????????? ??????? ???????,NULL,1,Syrian Arab Republic,R�p. arabe syrienne,Rep�blica �rabe Siria
7610,Tajikistan,Tajikistan,TJK,762,TJ,Tadjikistan,Tayikist�n,???????????,?????,?????????,NULL,1,Tajikistan,Tadjikistan,Tayikist�n
7620,United Republic of Tanzania,United Republic of Tanzania,TZA,834,TZ,R�publique-Unie de Tanzanie,Rep�blica Unida de Tanzan�a (la),???????????? ?????????? ????????,?????????,??????? ??????? ???????,NULL,1,Tanzania,Tanzanie,Tanzania
7640,Thailand,Thailand,THA,764,TH,Tha�lande,Tailandia,???????,??,??????,NULL,1,Thailand,Tha�lande,Tailandia
7680,Togo,Togo,TGO,768,TG,Togo,Togo,????,??,????,NULL,1,Togo,Togo,Togo
7720,Tokelau,Tokelau,TKL,772,TK,Tok�laou,Tokelau,???????,NULL,NULL,NULL,1,Tokelau,Tok�laou,Tokelau
7760,Tonga,Tonga,TON,776,TO,Tonga,Tonga,To???,??,?????,NULL,1,Tonga,Tonga,Tonga
7780,Tuvalu,Tuvalu,TUV,798,TV,Tuvalu,Tuvalu,??????,???,??????,NULL,1,Tuvalu,Tuvalu,Tuvalu
7800,Trinidad and Tobago,Trinidad and Tobago,TTO,780,TT,Trinit�-et-Tobago,Trinidad y Tabago,???????? ? ??????,????????,???????? ???????,NULL,1,Trinidad and Tobago,Trinit�-et-Tobago,Trinidad y Tobago
7880,Tunisia,Tunisia,TUN,788,TN,Tunisie,T�nez,?????,???,????,NULL,1,Tunisia,Tunisie,T�nez
7920,Turkey,Turkey,TUR,792,TR,Turquie,Turqu�a,??????,???,?????,NULL,1,Turkey,Turquie,Turqu�a
7940,Turkmenistan,Turkmenistan,TKM,795,TM,Turkm�nistan,Turkmenist�n,????????????,?????,??????????,NULL,1,Turkmenistan,Turkm�nistan,Turkmenist�n
7960,Turks and Caicos Islands,Turks and Caicos Islands,TCA,796,TC,Iles Turques et Ca�ques,Islas Turcos y Caicos,????? ? ??????,NULL,NULL,NULL,1,Turks and Caicos Is,�les Turques/Ca�ques,Islas Turcos/Caicos
8000,Uganda,Uganda,UGA,800,UG,Ouganda,Uganda,??????,???,??????,NULL,1,Uganda,Ouganda,Uganda
8030,Former U.S.S.R.,Former U.S.S.R.,USS,NULL,NULL,Ancienne U.R.S.S.,ex U.R.S.S.,NULL,NULL,NULL,NULL,0,Former U.S.S.R.,Ancienne U.R.S.S.,ex U.R.S.S.
8050,Belarus,Belarus,BLR,112,BY,B�larus,Belar�s,????????,????,???????,NULL,1,Belarus,B�larus,Belar�s
8070,Ukraine,Ukraine,UKR,804,UA,Ukraine,Ucrania,???????,???,????????,NULL,1,Ukraine,Ukraine,Ucrania
8120,United Arab Emirates,United Arab Emirates,ARE,784,AE,�mirats arabes unis,Emiratos �rabes Unidos (los),???????????? ???????? ???????,????????,???????? ??????? ???????,NULL,1,United Arab Emirates,�mirats arabes unis,Emiratos AU
8260,United Kingdom of Great Britain and Northern Ireland,United Kingdom of Great Britain and Northern Ireland,GBR,826,GB,Royaume-Uni de Grande-Bretagne et d'Irlande du Nord,Reino Unido de Gran Breta�a e Irlanda del Norte,??????????? ??????????? ?????????????? ? ???????? ????????,?????????????,??????? ??????? ????????? ?????? ???????? ????????,NULL,1,United Kingdom,Royaume-Uni ,Reino Unido
8300,Channel Islands,Channel Islands,ZZA,830,NULL,�les Anglo-Normandes,NULL,NULL,NULL,NULL,NULL,1,Channel Islands,�les Anglo-Normandes,Islas del Canal
8310,Guernsey,Guernsey,GGY,831,GG,Guernesey,Guernsey,NULL,NULL,NULL,NULL,1,Guernsey,Guernesey,Guernsey
8320,Jersey,Jersey,JEY,832,JE,Le Jersey,Jersey,NULL,NULL,NULL,NULL,1,Jersey,Le Jersey,Jersey
8330,Isle of Man,Isle of Man,IMN,833,IM,�le de Man,Isla de Man,NULL,NULL,NULL,NULL,1,Isle of Man,�le de Man,Isla de Man
8400,United States of America,United States of America,USA,840,US,�tats-Unis d'Am�rique,Estados Unidos de Am�rica,??????????? ????? ???????,??????,???????? ??????? ?????????,NULL,1,United States,�tats-Unis,Estados Unidos
8540,Burkina Faso,Burkina Faso,BFA,854,BF,Burkina Faso,Burkina Faso,???????-????,?????,??????? ????,NULL,1,Burkina Faso,Burkina Faso,Burkina Faso
8580,Uruguay,Uruguay,URY,858,UY,Uruguay,Uruguay,???????,???,????????,NULL,1,Uruguay,Uruguay,Uruguay
8600,Uzbekistan,Uzbekistan,UZB,860,UZ,Ouzb�kistan,Uzbekist�n,??????????,??????,?????????,NULL,1,Uzbekistan,Ouzb�kistan,Uzbekist�n
8620,Venezuela (Bolivarian Republic of),Venezuela (Bolivarian Republic of),VEN,862,VE,Venezuela (R�publique bolivarienne du),Venezuela (Rep�blica Bolivariana de),????????? (?????????????? ??????????),?????????????,(??????? (??????? - ???????????,NULL,1,Venezuela,Venezuela,Venezuela
8650,Former South Viet Nam,"Viet Nam, (F.S.)",VNS,NULL,NULL,"Viet Nam, (Ancien Sud)","Viet Nam, (ex Sur)",NULL,NULL,NULL,NULL,0,Former South Viet Nam,"Viet Nam, (Ancien Sud)","Viet Nam, (ex Sur)"
8670,Former North Viet Nam,"Viet Nam, (F.N.)",VNN,NULL,NULL,Viet Nam (Ancien nord),Viet Nam (ex Norte),NULL,NULL,NULL,NULL,0,Former North Viet Nam,Viet Nam (Ancien nord),Viet Nam (ex Norte)
8680,Viet Nam,Viet Nam,VNM,704,VN,Viet Nam,Viet Nam,???????,??,???? ???,NULL,1,Viet Nam,Viet Nam,Viet Nam
8690,British Virgin Islands,British Virgin Islands,VGB,92,VG,Iles Vierges britanniques,Islas V�rgenes Brit�nicas,?????????? ?????????? ???????,NULL,NULL,NULL,1,British Virgin Is,�les Vierges brit.,Is V�rgenes Brit.
8700,United States Virgin Islands,United States Virgin Islands,VIR,850,VI,�les Vierges am�ricaines,Islas V�rgenes Estadounidenses,?????????? ??????? (???),NULL,NULL,NULL,1,US Virgin Islands,"�les Vierges, USA","Islas V�rgenes, USA"
8760,Wallis and Futuna Islands,Wallis and Futuna Islands,WLF,876,WF,�les Wallis et Futuna,Wallis y Futuna,NULL,NULL,NULL,NULL,1,Wallis and Futuna Is,�les Wallis et Futuna,Islas Wallis y Futuna
8820,Samoa,Samoa,WSM,882,WS,Samoa,Samoa,?????,???,?????,NULL,1,Samoa,Samoa,Samoa
8850,Yemen,Yemen,YEM,887,YE,Y�men,Yemen,?????,??,?????,NULL,1,Yemen,Y�men,Yemen
8860,Former Yemen Arab Republic,Former Yemen AR,YAR,NULL,NULL,Ancienne R�p. Arabe Y�men,ex Rep�blica Arabe Yemen,NULL,NULL,NULL,NULL,0,Former Yemen Arab Republic,Ancienne R�p. Arabe Y�men,ex Rep�blica Arabe Yemen
8870,Former Democratic Yemen,Former Dem.Yemen,FYM,NULL,NULL,Ancien Y�men d�mocratique,Ex Yemen Democr�tico,NULL,NULL,NULL,NULL,0,Former Democratic Yemen,Ancien Y�men d�mocratique,Ex Yemen Democr�tico
8900,Former Yugoslavia ,Form.Yugoslavia,FYG,NULL,NULL,Ancienne Yougoslavie,ex Yugoslavia,NULL,NULL,NULL,NULL,0,Former Yugoslavia ,Ancienne Yougoslavie,ex Yugoslavia
8910,Former Serbia and Montenegro,F.R.Yugoslavia,SCG,NULL,NULL,Serbie-et-Mont�n�gro,Serbia y Montenegro,?????? ? ??????????,NULL,NULL,NULL,0,Former Serbia and Montenegro,Serbie-et-Mont�n�gro,Serbia y Montenegro
8920,Democratic Republic of the Congo,Democratic Republic of the Congo,COD,180,CD,R�publique d�mocratique du Congo,Rep�blica Democr�tica del Congo,??????????????? ?????????? ?????,???????,??????? ??????? ???????????,NULL,1,"Congo, DR","Congo, RD","Congo, RD"
8940,Zambia,Zambia,ZMB,894,ZM,Zambie,Zambia,??????,???,??????,NULL,1,Zambia,Zambie,Zambia
9990,Unknown Country (Former Timor-Leste 6260,NULL,NULL,NULL,NULL,NULL,NULL,NULL,NULL,NULL,NULL,0,Unknown Country (Former Timor-Leste 6260,NULL,NULL
19000,Africa,Africa,NULL,NULL,NULL,Afrique,Africa,NULL,NULL,NULL,NULL,0,Africa,Afrique,Africa
19100,America,America,NULL,NULL,NULL,Am�rique,America,NULL,NULL,NULL,NULL,0,America,Am�rique,America
19110,Northern America,Northern America,NULL,NULL,NULL,Am�rique septentrionale,NULL,NULL,NULL,NULL,NULL,0,Northern America,Am�rique septentrionale,NULL
19140,Latin America & Caribbean,Latin & Carib.,NULL,NULL,NULL,Am�rique Latine et Cara�bes,Am�rica latina y el Caribe,NULL,NULL,NULL,NULL,0,Latin America & Caribbean,Am�rique Latine et Cara�bes,Am�rica latina y el Caribe
19150,North America,North America,NULL,NULL,NULL,Am�rique du Nord,Am�rica del Norte,NULL,NULL,NULL,NULL,0,North America,Am�rique du Nord,Am�rica del Norte
19200,South America,South America,NULL,NULL,NULL,Am�rique du Sud,Am�rica del Sur,NULL,NULL,NULL,NULL,0,South America,Am�rique du Sud,Am�rica del Sur
19300,Asia,Asia,NULL,NULL,NULL,Asie,Asia,NULL,NULL,NULL,NULL,0,Asia,Asie,Asia
19350,Southern Asia,Southern Asia,NULL,NULL,NULL,Asie du Sud,Asia del Sur,NULL,NULL,NULL,NULL,0,Southern Asia,Asie du Sud,Asia del Sur
19400,Europe,Europe,NULL,NULL,NULL,Europe,Europa,NULL,NULL,NULL,NULL,0,Europe,Europe,Europa
19480,Europe & Russia Fed. (Developed),Eur.+Rus. (Dev),NULL,NULL,NULL,Europe et F�d. de Russie (D�velopp�es),Europa y Fed. De Rusia (Desarolladas),NULL,NULL,NULL,NULL,0,Europe & Russia Fed. (Developed),Europe et F�d. de Russie (D�velopp�es),Europa y Fed. De Rusia (Desarolladas)
19500,Oceania,Oceania,NULL,NULL,NULL,Oc�anie,Ocean�a,NULL,NULL,NULL,NULL,0,Oceania,Oc�anie,Ocean�a
19550,Former U.S.S.R. Region,Former USSR,NULL,NULL,NULL,Ancienne U.R.S.S.,ex U.R.S.S.,NULL,NULL,NULL,NULL,0,Former U.S.S.R. Region,Ancienne U.R.S.S.,ex U.R.S.S.
19565,Asia and Oceania (Developed C.),Asia&Ocean(Dev.),NULL,NULL,NULL,Asie et Oc�anie (Pays d�velopp�s),Asia y Ocean�a (Pa�ses desarollados),NULL,NULL,NULL,NULL,0,Asia and Oceania (Developed C.),Asie et Oc�anie (Pays d�velopp�s),Asia y Ocean�a (Pa�ses desarollados)
19620,Arab States,Arab States,NULL,NULL,NULL,Etats arabes,Estados �rabes,NULL,NULL,NULL,NULL,0,Arab States,Etats arabes,Estados �rabes
19700,Developed Countries,Developed,NULL,NULL,NULL,Pays d�velopp�s,Pa�ses desarollados,NULL,NULL,NULL,NULL,0,Developed Countries,Pays d�velopp�s,Pa�ses desarollados
19705,DevelopedWER,DevelopedWER,NULL,NULL,NULL,NULL,NULL,NULL,NULL,NULL,NULL,0,DevelopedWER,NULL,NULL
19710,Developing Countries,Developing,NULL,NULL,NULL,Pays en d�veloppement,Pa�ses en desarollo,NULL,NULL,NULL,NULL,0,Developing Countries,Pays en d�veloppement,Pa�ses en desarollo
19715,DevelopingWER,DevelopingWER,NULL,NULL,NULL,NULL,NULL,NULL,NULL,NULL,NULL,0,DevelopingWER,NULL,NULL
19740,Sub-Saharan Africa,Sub-Saharan AF,NULL,NULL,NULL,Afrique subsaharienne,Africa subsahariana,NULL,NULL,NULL,NULL,0,Sub-Saharan Africa,Afrique subsaharienne,Africa subsahariana
19820,Eastern Asia and Oceania,E-Asian & Ocean,NULL,NULL,NULL,Asie de l'est et Oc�anie,Asia del Este y Ocean�a,NULL,NULL,NULL,NULL,0,Eastern Asia and Oceania,Asie de l'est et Oc�anie,Asia del Este y Ocean�a
19830,Least Developed Countries,Least Developed,NULL,NULL,NULL,Pays les moins avanc�s,Pa�ses menos adelantados,NULL,NULL,NULL,NULL,0,Least Developed Countries,Pays les moins avanc�s,Pa�ses menos adelantados
19833,Developed Northern America,Developed N Amer,NULL,NULL,NULL,Am�rique septentrionale d�velopp�e,NULL,NULL,NULL,NULL,NULL,0,Developed Northern America,Am�rique septentrionale d�velopp�e,NULL
19834,Developed Asia/Oceania,Developed A/O,NULL,NULL,NULL,Asie/Oc�anie d�velopp�es,Asia/Ocean�a desarolladas,NULL,NULL,NULL,NULL,0,Developed Asia/Oceania,Asie/Oc�anie d�velopp�es,Asia/Ocean�a desarolladas
19835,Europe (24),Europe (24),NULL,NULL,NULL,Europe (24),Europa (24),NULL,NULL,NULL,NULL,0,Europe (24),Europe (24),Europa (24)
19836,Countries in transition (27),Transition (27),NULL,NULL,NULL,Pays en transition,Pa�ses en transici�n,NULL,NULL,NULL,NULL,0,Countries in transition (27),Pays en transition,Pa�ses en transici�n
19837,Developing Sourthern Asia,Developing S As,NULL,NULL,NULL,Asie du sud en d�veloppement,Asia del Sur en desarollo,NULL,NULL,NULL,NULL,0,Developing Sourthern Asia,Asie du sud en d�veloppement,Asia del Sur en desarollo
19838,Developing Eastern Asia/Oceania,Developing E A/O,NULL,NULL,NULL,Asie de l'est/Oc�anie d�velopp�es,Asia del Este/Ocean�a desarolladas,NULL,NULL,NULL,NULL,0,Developing Eastern Asia/Oceania,Asie de l'est/Oc�anie d�velopp�es,Asia del Este/Ocean�a desarolladas
19839,Others,Others,NULL,NULL,NULL,Autres,Otros,NULL,NULL,NULL,NULL,0,Others,Autres,Otros
19990,World total,World,WOR,NULL,NULL,Monde Total,Mundo Total,NULL,NULL,NULL,NULL,0,World total,Monde Total,Mundo Total
99999,myCountry,myCountry,NULL,NULL,NULL,myCountry,myCountry,NULL,NULL,NULL,NULL,0,myCountry,myCountry,myCountry
